S.No,Fe_Content,Burden,Al2O3,Oxygen,BlastAirTemp,TopAirPressure,Productivity,CO2Exhaust,SinterQuality,AirHumidity,OreSource
1,Medium,52,2.1,8.9,1000,2.2,2.2729908257,6107.4,Medium,67,A
2,Low,68,1.8,12.9,1250,1.4,2.6703277746,6838.2,Low,47,
3,High,68,2.1,9.9,1250,1.5,2.669833887,6870.6,Low,47,A
4,Medium,82,1.8,7.9,1050,1.8,2.4013778706,6903,High,67,
5,Low,91,1.2,11.9,1200,1.5,2.6798019802,7281,High,79,
6,Medium,85,2.1,4.9,1050,2,2.5415609756,7011,Low,35,B
7,Medium,60,1.5,7.9,1250,2.3,2.66055091,6604.2,Low,43,A
8,High,60,1.5,12.4,1000,1.8,2.5576058547,6244.2,High,79,A
9,High,60,1.8,7.4,1150,1.4,2.4370473538,6492.6,Low,39,A
10,Low,89,1.8,5.9,1250,1.6,2.5833943428,7367.4,High,79,
11,Low,75,1.2,7.4,1000,2.4,2.9197919762,6589.8,Medium,67,B
12,Medium,90,1.5,9.9,1200,1.7,2.6746984572,7288.2,Medium,63,F
13,Low,54,1.5,3.4,1250,1.5,2.6528272564,6453,Low,71,D
14,Low,67,1.2,2.4,1250,1.6,2.6831700288,6748.2,Medium,35,
15,Low,76,2.1,7.4,1150,1.7,2.5861793103,6928.2,Low,67,
16,Low,61,1.2,2.9,1250,1.7,2.6593514765,6597,Low,67,
17,High,54,2.1,10.9,1200,2.2,2.5640824742,6445.8,Medium,79,
18,Low,90,2.1,6.9,1250,1.5,2.6877363897,7425,Low,51,S
19,Low,76,1.8,4.9,1050,2.2,2.5916220313,6751.8,Medium,55,S
20,Low,71,1.5,9.9,1200,2.2,2.6459286235,6809.4,Low,51,C
21,High,80,2.1,12.4,1200,1.5,2.6583772819,7101,High,47,V
22,High,75,1.2,10.9,1100,1.8,2.6228719585,6733.8,Medium,59,V
23,Low,90,2.1,5.9,1100,1.9,3.288173913,7209,High,59,V
24,Low,91,1.2,6.4,1150,1.8,2.6466431407,7209,Medium,47,
25,Medium,57,1.2,4.4,1050,1.6,2.5195113732,6208.2,Medium,79,
26,High,85,1.5,2.4,1250,1.8,2.6832582099,7234.2,High,63,
27,Low,66,1.5,10.4,1250,2,2.6434815756,6755.4,High,47,D
28,Medium,55,1.8,5.9,1100,1.7,1.9408938547,6294.6,Medium,75,D
29,Medium,87,2.1,9.4,1200,1.8,2.6488,7277.4,Low,75,
30,Low,60,1.5,12.4,1150,1.5,2.6293436608,6460.2,Low,47,F
31,High,50,1.2,4.9,1050,1.6,2.2227518428,6031.8,Low,63,V
32,High,80,2.1,3.9,1050,2,2.2318032787,6885,Medium,79,
33,High,56,1.2,5.9,1000,1.8,2.4260879369,6111,High,43,V
34,Medium,71,1.2,3.9,1150,1.9,2.6307113729,6705,Low,47,V
35,Medium,56,1.8,9.9,1150,2.1,2.6222532672,6391.8,High,51,
36,High,78,1.2,3.9,1150,2.4,2.6380792808,6881.4,Low,43,V
37,Medium,50,2.1,11.9,1150,1.3,2.4701443299,6273,High,51,V
38,Low,81,1.5,5.4,1150,2.2,2.2447787611,6989.4,Medium,51,
39,Low,52,1.5,4.9,1200,2.2,2.8774898785,6330.6,Low,79,
40,High,53,1.2,12.9,1150,2.3,2.5686800422,6251.4,High,79,
41,High,88,2.1,8.9,1100,2.1,2.7631608392,7158.6,Low,79,
42,High,74,1.8,7.9,1100,2.4,2.5897751994,6773.4,Low,43,
43,High,67,2.1,7.4,1000,1.3,3.013046729,6485.4,Low,47,
44,High,87,1.2,4.4,1000,1.4,2.5381637337,6892.2,Medium,35,
45,Medium,65,2.1,6.9,1050,1.3,2.5501949458,6507,Medium,79,
46,High,60,1.5,11.9,1100,1.7,0.4652830189,6388.2,Low,51,
47,Low,76,1.2,12.4,1000,2.4,2.5361960497,6615,Low,67,H
48,Low,70,1.2,4.9,1250,2.2,2.6661626481,6823.8,High,75,
49,Medium,80,1.2,11.9,1100,1.5,2.5985515728,6859.8,Medium,39,
50,Low,63,2.1,11.4,1050,2.2,3.9723478261,6456.6,Medium,67,
51,Low,78,1.5,6.9,1000,1.4,2.5614195038,6697.8,Medium,79,H
52,Low,93,1.8,2.9,1050,1.8,2.8884407484,7180.2,Medium,51,
53,Medium,70,2.1,12.9,1000,1.6,2.569743073,6561,Low,55,
54,High,73,1.8,12.9,1200,2,2.6502601734,6892.2,Low,43,
55,Medium,76,2.1,4.9,1000,2.4,2.0841311475,6712.2,Medium,43,F
56,High,81,1.5,7.9,1000,1.9,2.5442707606,6773.4,Low,39,
57,Medium,62,1.8,3.9,1100,1.8,2.6103626511,6471,Medium,67,
58,Medium,81,1.8,6.4,1250,1.5,2.7710367893,7165.8,High,59,F
59,High,79,1.8,12.9,1100,1.5,1.9440336134,6899.4,Low,47,
60,Low,64,1.8,10.4,1000,1.8,3.0117190388,6377.4,Medium,71,
61,Low,87,1.5,6.9,1200,1.7,2.6662057336,7212.6,Low,71,Y
62,Medium,58,2.1,3.9,1000,1.9,2.3766344828,6258.6,Low,75,
63,Low,79,1.2,5.4,1250,2.3,2.6828921194,7050.6,Medium,79,
64,Medium,60,1.2,11.9,1150,1.3,3.2320300752,6427.8,High,75,
65,Low,89,1.8,7.9,1000,1.9,2.9133111481,7007.4,Medium,43,K
66,Medium,52,1.8,7.9,1000,1.9,2.5422456921,6075,High,43,
67,High,76,2.1,10.4,1200,1.3,2.6540929095,7000.2,Medium,75,
68,Low,69,1.2,9.4,1050,2.3,2.4579066478,6510.6,High,39,
69,High,81,1.2,3.9,1200,1.9,2.6490689238,7029,Medium,63,
70,Low,55,2.1,6.9,1200,2.1,2.6076685083,6471,Low,35,
71,Low,91,1.5,2.9,1100,1.4,2.5572791024,7169.4,High,71,E
72,High,86,1.8,10.4,1200,2.1,2.6618127405,7219.8,Low,59,
73,Low,75,1.2,10.4,1100,1.5,2.5818197136,6733.8,Low,71,
74,Low,78,1.5,7.4,1100,1.7,2.6078822851,6841.8,Medium,71,
75,Medium,65,1.8,9.9,1050,1.3,2.8516517286,6474.6,Low,43,
76,High,86,2.1,5.9,1100,2.3,2.5590063694,7108.2,High,67,G
77,Low,56,1.5,10.4,1200,2.4,2.6389276931,6431.4,Medium,55,
78,Medium,79,1.5,6.4,1250,1.5,2.6800937709,7083,High,51,
79,Low,93,2.1,8.9,1250,1.6,2.687627204,7500.6,Medium,75,S
80,High,62,1.5,4.4,1150,1.7,2.6127077107,6510.6,Low,39,
81,High,92,2.1,5.4,1250,1.7,2.5765042017,7475.4,High,55,
82,Low,74,1.5,3.4,1000,1.8,2.9888482633,6597,High,79,
83,Medium,75,1.5,11.4,1000,2.1,2.5346103423,6622.2,High,55,
84,High,87,1.8,12.4,1000,2.1,2.4284977238,6957,High,55,
85,Medium,85,2.1,5.9,1000,2.3,2.8521916168,6939,High,71,
86,Medium,51,2.1,2.4,1000,1.5,2.5467532468,6082.2,Medium,79,
87,Medium,85,2.1,5.9,1050,1.9,2.8044790419,7011,Medium,39,
88,Medium,60,2.1,9.9,1100,1.6,2.5516497696,6453,Low,35,
89,Low,78,1.2,9.9,1150,2.1,2.7712240185,6881.4,Medium,63,
90,Low,60,1.8,9.4,1050,2.3,2.4850500556,6348.6,Medium,63,
91,High,75,1.5,7.9,1100,2,2.5598950682,6766.2,High,51,
92,High,90,1.8,12.9,1100,2.1,2.5850723026,7176.6,High,35,
93,Low,80,2.1,4.9,1200,1.5,2.649112426,7101,High,79,
94,Medium,78,2.1,11.4,1050,1.5,2.4681203008,6834.6,High,47,
95,High,87,1.5,8.4,1100,1.9,1.2290566038,7068.6,Medium,63,
96,Low,73,1.5,8.4,1100,2.3,2.8878220141,6715.8,Medium,43,
97,Medium,93,1.5,5.4,1050,2,2.4943032159,7147.8,High,59,
98,Medium,81,1.2,6.9,1150,2.2,2.7352365416,6957,Medium,55,A
99,High,92,1.8,4.4,1200,1.9,2.6635569671,7371,Low,63,B
100,Low,93,1.2,12.4,1050,2.4,2.5269621904,7115.4,High,39,
101,High,87,1.8,12.4,1250,1.3,2.7315022762,7317,Medium,67,A
102,Low,77,1.5,12.9,1150,1.4,2.63429034,6888.6,High,39,
103,High,88,2.1,4.4,1050,1.9,2.5210177515,7086.6,Low,67,
104,Low,84,1.8,10.4,1150,1.8,2.7024861265,7097.4,Medium,79,B
105,Low,79,1.8,5.9,1200,1.4,2.6320334262,7043.4,High,63,A
106,Low,50,1.8,6.9,1150,1.3,2.6085314685,6240.6,Medium,39,A
107,Low,59,1.8,6.9,1150,1.9,2.5472878999,6467.4,Medium,35,A
108,High,79,1.5,3.9,1000,2.4,2.4996644921,6723,High,59,
109,High,57,1.8,3.4,1150,1.4,2.6075640262,6417,Low,79,B
110,Medium,65,2.1,8.4,1150,1.7,2.6089386282,6651,High,71,F
111,Low,60,1.2,2.9,1050,1.8,2.554841629,6283.8,High,43,D
112,Medium,86,1.2,5.4,1150,2.3,2.7854952077,7083,Medium,51,
113,Low,52,2.1,8.9,1150,1.7,2.6240712871,6323.4,High,43,
114,High,62,1.5,5.4,1000,1.8,2.541482367,6294.6,Medium,79,
115,Low,61,1.8,10.9,1250,2,2.6530857875,6661.8,Medium,35,
116,High,69,1.2,12.4,1050,1.3,2.5901036014,6510.6,High,63,S
117,Medium,89,1.5,9.9,1250,2.4,2.7522326454,7335,Low,75,S
118,High,51,1.8,10.4,1050,2.1,2.5454169446,6121.8,Low,71,C
119,High,64,1.8,5.9,1100,1.9,2.4206680585,6521.4,Low,47,V
120,Low,93,1.5,7.9,1200,1.3,2.6423125794,7363.8,Low,75,V
121,Low,84,1.8,11.9,1250,2.1,2.7048800834,7241.4,High,67,V
122,High,83,1.2,2.9,1200,2.4,2.6527395716,7079.4,High,63,
123,Medium,58,1.8,2.4,1150,1.8,2.6162001011,6442.2,Low,35,
124,High,50,1.8,6.4,1150,2.2,2.8384103512,6240.6,Low,47,
125,High,81,1.2,12.9,1150,2.2,2.6229813665,6957,High,63,D
126,Low,84,1.2,11.4,1250,2.4,3.569787234,7176.6,High,67,D
127,Low,87,1.2,5.9,1100,2.1,2.618332431,7036.2,Low,79,
128,High,84,1.5,2.4,1200,1.4,2.6558922068,7137,Low,43,F
129,Medium,66,1.5,4.9,1050,1.3,2.591278807,6467.4,Medium,79,V
130,High,72,1.8,12.4,1150,1.8,2.6170280516,6795,High,35,
131,Low,52,2.1,9.4,1150,2.3,2.6243247525,6323.4,Low,43,V
132,High,73,2.1,11.9,1050,1.3,2.5848310249,6708.6,High,43,V
133,High,51,1.5,6.9,1000,1.3,2.4193729003,6017.4,Low,35,
134,High,90,1.5,9.9,1050,1.8,2.2849829352,7072.2,High,67,V
135,Medium,67,1.2,9.9,1050,2,2.0159471366,6460.2,Low,39,V
136,Medium,68,1.8,5.4,1250,1.6,2.6714229637,6838.2,Medium,79,
137,Low,71,1.8,9.4,1250,2.4,2.6721262656,6913.8,Medium,47,
138,Medium,72,1.2,7.9,1250,1.8,2.6981783681,6874.2,Medium,59,
139,Medium,74,1.8,12.9,1050,2,4.8337704918,6701.4,High,51,
140,Medium,51,2.1,2.4,1050,1.4,-0.0790769231,6154.2,High,47,
141,Medium,64,1.2,10.9,1050,2.2,2.5787222523,6384.6,High,59,
142,Low,66,1.2,10.9,1100,1.6,2.431391863,6507,Medium,35,
143,Medium,94,1.5,2.9,1200,1.4,2.6646636022,7389,Low,47,
144,Medium,65,1.2,4.9,1000,1.5,4.1156390977,6337.8,Medium,59,H
145,High,78,1.8,6.4,1050,1.8,2.5720213476,6802.2,High,51,
146,High,83,2.1,8.9,1000,1.6,2.5926569647,6888.6,Low,47,
147,Medium,54,1.5,9.9,1100,1.3,3.0745928339,6237,Low,51,
148,High,82,1.5,12.9,1150,2,2.6350774954,7014.6,High,67,H
149,Medium,63,1.5,4.9,1200,1.7,2.6413887481,6607.8,Medium,51,
150,High,77,1.2,11.9,1250,2,2.6720763537,7000.2,Low,51,
151,High,71,1.8,2.9,1200,2.2,2.6293444577,6841.8,Low,35,F
152,High,86,1.2,10.9,1150,1.5,2.7422170901,7083,High,43,
153,Medium,62,1.5,2.4,1250,1.8,2.6598438371,6654.6,High,75,
154,Medium,61,1.8,10.4,1050,2,2.4241881639,6373.8,Medium,59,F
155,Medium,77,1.5,2.4,1000,1.7,2.9025309491,6672.6,Low,71,
156,Low,70,2.1,2.9,1100,2,4.5981818182,6705,Medium,35,
157,Low,69,1.8,4.9,1200,1.5,2.639681577,6791.4,High,39,Y
158,Low,69,1.8,11.4,1000,2.4,3.412033195,6503.4,High,39,
159,Low,77,1.2,9.4,1000,2.4,2.9373898858,6640.2,Low,75,
160,Medium,57,1.8,7.4,1050,1.4,1.9719665272,6273,High,55,
161,Low,60,1.5,8.4,1200,1.6,2.6421830005,6532.2,Low,51,
162,Medium,80,1.2,6.4,1000,1.7,2.8722572509,6715.8,Medium,79,K
163,Low,78,1.8,12.4,1250,2.2,2.7307306889,7090.2,High,35,
164,High,91,1.5,5.9,1100,2.3,2.2479768786,7169.4,Medium,63,
165,High,53,1.2,8.9,1100,2.4,2.4596290572,6179.4,High,59,
166,Medium,77,1.5,11.4,1050,1.5,2.5698394976,6744.6,Low,39,
167,Medium,89,1.8,8.4,1050,2,2.5262693683,7079.4,Medium,63,
168,Medium,64,2.1,6.4,1000,1.6,2.9561221374,6409.8,Low,51,E
169,High,90,2.1,3.9,1200,1.3,2.6656574586,7353,Low,67,
170,Medium,71,2.1,3.4,1250,1.7,2.6695079872,6946.2,Low,75,
171,Medium,56,1.8,12.4,1100,2.4,2.3211699164,6319.8,High,47,
172,Medium,87,1.8,4.4,1150,1.6,2.6434288157,7173,Low,63,
173,Low,74,1.2,4.4,1050,1.3,2.6057421114,6636.6,Medium,75,G
174,Medium,52,1.5,6.4,1250,1.4,2.6489019279,6402.6,High,75,
175,High,86,1.5,9.4,1050,1.8,2.5926716676,6971.4,High,75,
176,Medium,62,2.1,2.4,1100,2.2,2.5178461538,6503.4,High,55,S
177,Medium,89,1.5,4.4,1100,2.2,2.3367381974,7119,High,47,
178,High,69,1.8,5.9,1100,1.6,2.5229525032,6647.4,Medium,39,
179,High,87,1.5,2.9,1250,1.4,2.4998380567,7284.6,Medium,51,
180,Low,78,2.1,9.4,1200,1.7,2.6488917197,7050.6,High,43,
181,Low,64,2.1,9.9,1150,2.4,2.9597446809,6625.8,Medium,75,
182,Medium,82,2.1,8.9,1250,2,2.707133758,7223.4,High,75,
183,Low,64,1.5,10.9,1000,1.7,2.3936325386,6345,High,63,
184,Low,69,1.2,12.4,1100,1.8,2.5175954738,6582.6,High,55,
185,High,55,1.8,7.9,1000,2,2.5318962322,6150.6,Medium,59,
186,High,81,1.5,2.4,1050,2.4,2.838872077,6845.4,Medium,39,
187,Low,75,1.5,9.9,1150,1.6,2.6243938379,6838.2,Medium,55,
188,Medium,79,1.5,9.4,1200,1.9,2.6550167448,7011,High,59,
189,High,59,1.2,10.4,1100,1.6,2.5542679681,6330.6,Medium,75,
190,Low,70,2.1,4.9,1150,2.3,2.6240554017,6777,Low,71,
191,Low,73,1.5,10.9,1200,1.3,2.6967213115,6859.8,Medium,47,
192,Medium,70,1.2,12.9,1250,1.9,2.6690073055,6823.8,Medium,55,
193,Medium,58,1.5,6.4,1250,1.9,2.6783957219,6553.8,Low,51,
194,Low,53,2.1,12.4,1250,2.1,2.6527100592,6492.6,High,59,
195,Low,64,1.2,6.9,1150,2.3,1.9788785047,6528.6,High,79,
196,High,68,2.1,7.9,1050,1.8,2.5382738589,6582.6,Low,43,A
197,Medium,57,1.2,8.9,1050,2,2.5226790227,6208.2,Low,43,B
198,High,87,1.8,7.9,1000,2.3,2.2252367688,6957,Low,43,A
199,Low,93,1.8,6.9,1100,1.6,2.7987941788,7252.2,High,39,
200,High,51,1.2,4.4,1150,1.3,2.3224390244,6201,Medium,43,
201,Medium,61,1.8,11.4,1100,1.5,2.4857966616,6445.8,High,67,B
202,Low,84,1.2,7.4,1250,1.7,2.6844430616,7176.6,Low,55,A
203,High,56,1.2,2.9,1000,2.4,2.3028620102,6111,Low,79,A
204,Medium,51,1.8,7.4,1100,2.4,3.2145228216,6193.8,Medium,63,A
205,Medium,88,1.8,7.9,1100,2.1,2.6305597459,7126.2,High,75,
206,High,63,1.5,10.4,1150,2.3,2.6208850513,6535.8,Medium,51,B
207,High,93,1.5,4.9,1050,2,2.1921888412,7147.8,Medium,39,F
208,High,63,1.8,6.9,1250,2.4,2.6622047244,6712.2,Low,43,D
209,Medium,77,1.5,10.9,1200,2.1,2.6819203747,6960.6,Low,35,
210,Low,85,1.5,6.9,1250,1.3,2.679264214,7234.2,Medium,43,
211,Low,94,1.2,11.9,1100,2,2.6356681292,7212.6,High,59,
212,Low,85,1.5,5.9,1050,1.9,2.1439484979,6946.2,High,59,
213,High,63,1.5,10.9,1000,2,2.5562763087,6319.8,Low,47,S
214,Medium,78,1.2,4.9,1100,1.4,2.6238332684,6809.4,High,51,S
215,Low,59,1.2,9.4,1100,1.4,3.2778238342,6330.6,Medium,63,C
216,Low,92,1.2,12.9,1150,1.3,2.6196592845,7234.2,High,75,V
217,Low,90,2.1,10.9,1200,2.2,2.5566956522,7353,Low,51,V
218,Medium,76,1.8,6.4,1200,1.6,2.6505323926,6967.8,Medium,75,V
219,High,53,1.5,5.4,1200,2.2,2.7179051819,6355.8,High,67,
220,High,83,1.2,11.9,1250,2.2,2.5995542348,7151.4,High,67,
221,Medium,85,1.5,11.4,1100,2.3,2.6214394323,7018.2,Low,39,
222,Low,82,1.5,5.4,1250,2,-2.2828571429,7158.6,Low,59,D
223,High,73,1.2,10.9,1100,1.9,2.6151746623,6683.4,High,79,D
224,High,62,1.8,4.9,1200,1.4,2.6403739262,6615,High,43,
225,Medium,81,1.2,4.4,1100,1.5,2.5666525871,6885,Low,43,F
226,High,60,1.2,6.4,1200,2.4,2.6198411122,6499.8,Medium,55,V
227,High,70,1.8,3.9,1000,1.4,2.5858277094,6528.6,Low,79,
228,Medium,82,1.5,3.4,1250,1.4,2.6825819958,7158.6,High,47,V
229,Medium,81,1.2,4.4,1100,1.9,2.5668215417,6885,High,35,V
230,High,58,1.5,3.9,1200,1.9,2.7355189456,6481.8,Low,71,
231,Medium,82,2.1,2.9,1150,1.5,2.5610309278,7079.4,High,71,V
232,High,73,1.8,10.4,1100,2.1,2.5794662219,6748.2,Medium,63,V
233,Medium,82,1.2,6.9,1250,1.4,2.6911978705,7126.2,High,75,
234,Low,75,1.5,9.9,1100,2,2.9134059946,6766.2,Medium,39,
235,High,75,1.8,8.4,1000,2.2,2.5210643368,6654.6,High,35,
236,High,84,1.5,5.4,1150,1.9,2.6286525856,7065,High,39,
237,High,57,2.1,10.9,1200,1.4,2.6416017505,6521.4,Low,71,
238,High,79,1.2,10.9,1000,2.1,2.4428422425,6690.6,Low,55,
239,High,71,2.1,9.4,1050,1.7,2.562615917,6658.2,High,51,
240,Medium,60,1.5,6.9,1100,1.7,2.5908020773,6388.2,Low,79,
241,Medium,79,1.5,3.4,1100,1.5,2.5825481978,6867,Low,55,
242,Low,64,1.8,2.4,1200,2.4,2.6458704924,6665.4,High,63,H
243,Low,60,1.8,6.9,1200,1.5,2.6438958926,6564.6,Low,43,
244,Medium,89,1.2,10.9,1100,1.4,2.620581981,7086.6,Low,43,
245,Low,66,2.1,3.4,1000,1.6,2.5208231047,6460.2,Medium,63,H
246,Medium,93,1.8,4.4,1100,2.3,2.7364483907,7252.2,Medium,47,
247,High,89,1.5,3.9,1100,2.3,2.6145248057,7119,Low,51,
248,Medium,74,1.2,2.4,1150,2,2.6315882627,6780.6,Medium,79,
249,Medium,65,1.5,5.4,1050,1.7,2.5846827349,6442.2,Low,79,F
250,Medium,52,2.1,8.9,1200,2.2,2.6358099762,6395.4,Medium,71,
251,High,94,2.1,7.9,1000,2.2,2.9308785047,7165.8,High,55,
252,Medium,91,2.1,10.9,1100,1.6,2.8491830986,7234.2,Low,39,F
253,High,85,2.1,7.9,1000,2.1,2.3965950413,6939,Low,75,
254,High,68,1.5,2.4,1000,1.3,2.5567728009,6445.8,Low,39,
255,High,74,1.2,12.9,1000,2.4,2.2898929336,6564.6,Medium,55,Y
256,Low,72,1.8,7.4,1250,1.7,2.6728800513,6939,High,43,
257,Medium,52,1.2,4.4,1100,1.3,2.4302214651,6154.2,Low,59,
258,High,70,1.5,7.4,1200,1.9,2.6492272933,6784.2,Low,39,
259,High,94,1.8,12.4,1250,1.5,2.7173110893,7493.4,Medium,51,
260,Medium,65,1.5,11.4,1250,1.5,2.6845243129,6730.2,Medium,47,K
261,Low,75,1.8,6.9,1050,2.3,4.877704918,6726.6,High,79,
262,Low,58,1.5,3.9,1200,2,3.331641791,6481.8,Low,59,
263,High,50,1.2,2.9,1200,2.3,2.1059813084,6247.8,Low,47,
264,High,76,1.8,3.9,1050,1.4,2.5395083406,6751.8,High,39,
265,Medium,87,2.1,7.9,1100,1.9,2.7578580645,7133.4,Medium,47,
266,Medium,50,1.8,5.9,1150,2.4,2.8890736342,6240.6,Low,47,E
267,High,52,2.1,5.9,1000,1.9,2.5330919881,6107.4,Medium,55,
268,High,79,1.2,4.9,1150,1.7,2.6378599055,6906.6,High,35,
269,Medium,58,1.5,8.4,1000,1.4,3.7404278075,6193.8,Medium,39,
270,Medium,67,1.2,6.9,1050,1.3,2.5766871852,6460.2,Low,75,
271,Medium,84,1.2,11.4,1250,2.2,2.5466487936,7176.6,Medium,43,G
272,High,52,1.2,2.4,1100,1.5,2.5925111001,6154.2,Low,71,
273,Medium,53,2.1,3.4,1000,1.6,0.94832,6132.6,High,79,
274,Low,79,2.1,6.9,1100,1.5,2.5258646617,6931.8,Low,59,S
275,Low,68,1.5,8.4,1150,1.4,2.5812004802,6661.8,Medium,71,
276,Medium,85,2.1,11.9,1050,1.4,2.5467902439,7011,High,47,
277,Medium,88,1.2,8.9,1050,1.7,2.5893590541,6989.4,Low,75,
278,Low,66,2.1,3.9,1050,1.7,2.5500216606,6532.2,High,67,
279,Low,91,2.1,7.4,1100,1.7,2.9558297872,7234.2,Medium,51,
280,Low,80,1.8,5.4,1150,2.4,2.4573221757,6996.6,High,47,
281,High,52,2.1,4.9,1000,2.1,3.8860571429,6107.4,Low,43,
282,Medium,76,2.1,4.4,1050,2,2.5869705094,6784.2,Medium,39,
283,Medium,52,1.8,11.9,1050,2.4,5.4213114754,6147,Medium,43,
284,Low,59,1.2,11.9,1200,2,2.6378044391,6474.6,High,51,
285,Medium,78,1.5,8.9,1200,2.3,2.6529322163,6985.8,High,59,
286,Medium,73,2.1,10.4,1000,1.7,-0.0526153846,6636.6,Low,43,
287,High,86,2.1,11.4,1000,1.4,2.4622420382,6964.2,High,47,
288,High,70,1.2,2.9,1100,1.8,3.0848221344,6607.8,Low,43,
289,High,53,1.8,12.4,1150,1.4,2.604041052,6316.2,Low,39,
290,Low,79,1.2,2.4,1150,1.9,2.7217116061,6906.6,Low,39,
291,Low,63,1.2,6.4,1150,2,3.6873972603,6503.4,Low,47,
292,High,56,1.8,5.4,1100,1.7,2.5746631087,6319.8,Medium,63,
293,High,76,1.2,11.4,1100,2,2.4873244782,6759,Low,35,
294,Medium,69,1.2,3.9,1050,2.4,14.0169230769,6510.6,High,63,A
295,High,75,1.5,12.9,1100,2.1,2.5641343127,6766.2,High,63,B
296,Low,91,1.5,9.9,1050,1.7,2.6182122037,7097.4,Low,39,
297,Low,93,1.2,2.4,1000,1.3,1.7589221557,7043.4,High,79,A
298,Low,51,2.1,10.9,1150,1.8,2.6213304904,6298.2,High,47,
299,Medium,88,1.2,7.9,1150,2.3,2.7947035573,7133.4,Low,39,
300,Low,92,1.8,6.4,1150,1.8,2.7033888048,7299,Medium,47,B
301,Low,51,1.2,6.4,1000,2.2,2.4010882709,5985,Medium,63,A
302,High,87,1.5,7.4,1050,1.5,2.5875883447,6996.6,High,79,A
303,Low,90,2.1,5.4,1050,1.8,2.9315180723,7137,High,55,A
304,High,94,1.2,6.9,1000,2.3,2.5726094781,7068.6,Medium,43,
305,Low,64,1.8,8.9,1050,1.5,2.8402615933,6449.4,Low,63,B
306,High,69,2.1,3.9,1200,1.8,2.6964903226,6823.8,Medium,59,F
307,Medium,83,1.2,2.4,1100,2,2.7615240328,6935.4,High,63,D
308,Low,82,1.8,3.9,1150,1.7,2.5037458194,7047,Medium,47,
309,Low,80,2.1,3.9,1200,2.3,2.655975052,7101,High,47,
310,High,81,1.5,12.9,1050,1.4,2.9458079625,6845.4,Medium,67,
311,Medium,91,1.2,8.9,1000,1.3,14.1123076923,6993,High,43,
312,Medium,93,1.2,6.4,1150,1.9,2.0761702128,7259.4,High,43,S
313,Low,70,1.2,10.4,1150,2.2,2.5568994889,6679.8,High,55,S
314,High,61,1.8,10.4,1050,1.4,2.0071129707,6373.8,High,67,C
315,Low,93,1.2,2.4,1250,1.3,2.9565269461,7403.4,High,47,V
316,Medium,76,2.1,3.9,1050,2.1,-24.652,6784.2,Low,67,V
317,Medium,91,1.8,9.4,1150,2.4,2.6288097887,7273.8,High,75,V
318,High,87,1.2,10.9,1200,2.2,2.6648048967,7180.2,High,35,
319,High,87,1.5,6.4,1050,2,3.1353036437,6996.6,Medium,75,
320,Low,59,2.1,7.4,1150,1.3,2.7568622754,6499.8,High,51,
321,High,54,1.8,8.4,1000,2.2,2.5150938151,6125.4,High,39,D
322,Medium,74,2.1,7.4,1150,2,2.6284210526,6877.8,Low,75,D
323,Low,50,1.5,6.9,1100,1.5,2.8833937397,6136.2,Medium,39,
324,Low,84,1.8,10.9,1150,2.1,2.6450099246,7097.4,High,55,F
325,Medium,58,1.5,3.4,1050,2.3,2.5393299345,6265.8,Medium,75,V
326,High,75,1.8,9.9,1250,1.6,2.6806830818,7014.6,Low,79,
327,High,86,2.1,11.9,1200,1.3,2.666522293,7252.2,Medium,55,V
328,Medium,52,1.5,2.4,1150,1.9,2.5522284434,6258.6,Medium,47,V
329,Low,57,1.5,11.9,1050,2.1,2.5762780972,6240.6,Low,63,
330,Low,61,1.5,5.9,1200,1.8,2.436416185,6557.4,Low,39,V
331,Low,87,1.2,9.4,1150,2.3,5.2815384615,7108.2,High,43,V
332,Medium,78,1.8,5.4,1050,2.1,3.2083817427,6802.2,Medium,67,
333,Medium,69,1.8,12.9,1100,2.2,2.5761634696,6647.4,High,71,
334,High,52,2.1,7.4,1050,1.4,2.5574243323,6179.4,High,75,
335,High,50,2.1,7.9,1250,2.3,2.7250212766,6417,Medium,35,
336,High,80,1.5,4.4,1100,1.8,2.5652675761,6892.2,Medium,75,
337,Medium,61,1.8,6.9,1000,2.3,2.1082451253,6301.8,Low,59,
338,High,55,1.8,3.4,1250,2,2.6516603487,6510.6,Low,59,
339,High,83,2.1,4.4,1000,1.9,1.9847346939,6888.6,High,39,
340,High,83,2.1,12.9,1250,1.6,2.6771476091,7248.6,Medium,55,
341,Medium,79,1.5,5.4,1050,2.4,2.5506621961,6795,High,47,H
342,Medium,89,1.8,4.4,1200,2.3,2.6687569573,7295.4,Medium,39,
343,Medium,93,1.2,6.9,1200,1.6,2.9331914894,7331.4,High,75,
344,Low,67,1.5,8.4,1200,1.4,2.6491603661,6708.6,Low,39,
345,Medium,84,2.1,10.4,1200,1.5,2.6614201183,7201.8,High,39,H
346,Medium,56,2.1,12.9,1000,2.4,2.3573834586,6208.2,Low,63,
347,Medium,80,1.8,4.4,1250,2,2.677986897,7140.6,Medium,43,
348,Low,68,1.8,4.9,1250,1.3,2.6440221914,6838.2,Medium,67,
349,High,94,1.8,8.4,1000,2.3,2.6039782862,7133.4,Low,35,F
350,High,85,1.8,12.9,1250,2.3,2.8095652174,7266.6,Medium,47,
351,Medium,68,1.8,8.9,1250,2.3,2.6424970273,6838.2,High,79,
352,Low,71,1.5,10.4,1150,1.4,2.6047903075,6737.4,Low,67,F
353,High,78,1.2,10.4,1100,1.7,2.5088586031,6809.4,Medium,55,
354,High,63,2.1,6.9,1000,2.1,2.5807464503,6384.6,Medium,51,
355,High,93,1.8,11.9,1150,1.8,2.6320143027,7324.2,High,43,Y
356,High,90,1.8,11.4,1200,1.4,2.6786310518,7320.6,Medium,75,
357,Medium,91,2.1,5.4,1100,2.4,2.7687633588,7234.2,Medium,59,
358,High,87,1.5,8.4,1100,1.3,2.61283323,7068.6,Low,63,
359,High,81,1.2,4.9,1000,1.5,2.589451194,6741,Low,67,
360,Medium,57,1.8,11.4,1250,1.5,2.6549790795,6561,Low,39,K
361,Low,90,1.2,4.4,1050,1.8,2.5964969222,7039.8,Low,51,
362,Medium,85,2.1,12.4,1000,1.6,2.8462994012,6939,High,39,
363,High,75,1.2,3.9,1100,2,2.6082957525,6733.8,Low,51,
364,Low,73,1.5,8.4,1150,1.7,2.6092321271,6787.8,High,67,
365,High,79,1.8,4.9,1250,1.4,2.601039501,7115.4,Low,47,
366,Low,88,2.1,9.9,1250,1.9,2.6944837545,7374.6,High,59,E
367,High,88,1.5,2.4,1100,2.1,2.8751498638,7093.8,Low,39,
368,Medium,67,1.5,5.4,1250,2.2,2.6649116101,6780.6,Medium,35,
369,Low,90,1.2,10.9,1150,1.5,2.5348898678,7183.8,High,63,
370,Medium,75,2.1,11.4,1050,1.7,2.5933400504,6759,High,55,
371,Medium,89,1.8,6.9,1000,2.3,2.5961067111,7007.4,High,47,
372,Low,78,1.2,2.9,1150,1.7,2.5948004837,6881.4,Low,55,
373,Low,77,1.5,4.4,1150,1.8,2.6166799681,6888.6,Medium,63,S
374,Low,52,1.8,3.9,1000,1.6,2.5273502162,6075,High,79,
375,High,81,1.5,7.9,1200,1.9,2.6548455428,7061.4,Low,75,
376,Medium,86,2.1,9.4,1000,1.3,2.4870939227,6964.2,Medium,35,
377,Low,87,1.5,8.4,1200,1.4,2.6622108686,7212.6,Medium,67,
378,High,78,1.2,3.4,1200,1.4,2.6096864111,6953.4,Medium,39,
379,Low,89,1.5,6.4,1050,1.8,2.608721193,7047,Medium,63,
380,High,76,1.2,5.9,1050,1.6,2.0628193833,6687,Medium,43,
381,Medium,55,1.5,2.9,1050,2,2.895213205,6190.2,High,67,
382,Low,78,1.8,2.4,1150,2.1,3.1076033058,6946.2,Medium,71,
383,Medium,63,2.1,8.4,1100,1.8,2.7963832335,6528.6,Medium,63,
384,Low,81,1.8,11.9,1100,1.6,2.6240368583,6949.8,Low,43,
385,High,80,1.2,10.4,1050,2.2,2.6100119665,6787.8,Low,51,
386,Medium,55,1.5,2.9,1100,2.3,2.8400275103,6262.2,Medium,55,
387,Medium,73,1.8,2.4,1000,1.6,2.4806476938,6604.2,Low,35,
388,Medium,66,1.8,12.4,1150,1.4,2.7332963374,6643.8,High,75,
389,High,77,2.1,4.4,1200,2.3,2.7233191489,7025.4,Medium,47,
390,Medium,81,2.1,12.4,1250,1.3,2.6753833671,7198.2,Medium,47,
391,High,78,1.8,11.9,1200,1.9,2.6550366911,7018.2,Medium,79,
392,Medium,93,1.8,8.9,1150,1.5,2.6333055266,7324.2,Medium,79,
393,Medium,94,1.8,11.4,1250,2.4,2.711237928,7493.4,Low,47,A
394,High,59,2.1,4.9,1000,1.8,2.5604987775,6283.8,High,79,B
395,High,66,1.8,10.4,1100,1.8,2.459851577,6571.8,Medium,51,
396,High,91,1.8,8.9,1250,1.5,2.6817186832,7417.8,Medium,71,A
397,High,58,1.8,11.9,1050,1.6,162.2199999995,6298.2,Low,75,
398,High,69,1.8,10.9,1100,2.1,2.5283440308,6647.4,High,43,
399,Medium,57,2.1,10.4,1250,1.6,2.6591850312,6593.4,Medium,35,B
400,Medium,51,1.8,5.9,1000,1.3,2.4967854435,6049.8,Low,59,A
401,Low,86,1.5,4.9,1250,1.7,3.0182300885,7259.4,Low,79,A
402,Medium,66,1.8,7.9,1150,1.3,2.6323382295,6643.8,High,43,A
403,Low,52,1.8,2.9,1200,2.2,2.8895435685,6363,High,51,
404,High,71,1.2,9.4,1200,1.6,2.6483827644,6777,High,75,B
405,Medium,83,1.5,9.9,1250,2.1,2.6844513329,7183.8,High,47,F
406,Low,83,1.8,2.9,1000,1.8,2.5786463953,6856.2,Low,35,D
407,Medium,50,1.2,9.9,1250,2,2.634573055,6319.8,Low,67,
408,High,87,1.2,4.4,1100,2.2,2.7525205158,7036.2,Low,59,
409,Medium,64,2.1,5.9,1000,1.3,2.4451049724,6409.8,High,47,
410,High,50,1.5,11.9,1250,2.1,2.6552739992,6352.2,Low,63,
411,Low,65,2.1,11.9,1150,1.4,2.6150564784,6651,Low,75,S
412,Low,60,1.8,3.4,1100,2.3,2.6034553034,6420.6,Low,55,S
413,High,75,1.2,11.4,1250,2,2.738962536,6949.8,Low,47,C
414,High,70,1.8,12.9,1050,1.4,2.8149833518,6600.6,High,51,V
415,Medium,55,2.1,11.9,1200,1.3,2.5691134021,6471,Medium,51,V
416,Low,87,1.2,5.4,1150,2.4,2.6359276018,7108.2,Medium,55,V
417,High,75,2.1,7.4,1250,1.7,2.5783728814,7047,Medium,67,
418,High,75,2.1,8.9,1150,2,2.6251118211,6903,High,75,
419,Low,57,1.5,6.4,1200,1.7,2.6322752635,6456.6,Low,55,
420,Medium,88,2.1,6.9,1050,1.5,2.7887150838,7086.6,Medium,43,D
421,Medium,93,1.5,6.9,1200,1.3,2.6657478536,7363.8,High,71,D
422,High,83,1.8,2.4,1000,2.2,3.1223822715,6856.2,High,39,
423,High,88,1.5,5.4,1000,2.4,2.5552176825,6949.8,Low,55,F
424,Low,84,1.2,4.9,1250,2.1,2.6886457536,7176.6,Low,71,V
425,High,55,1.5,2.9,1200,1.8,2.639992227,6406.2,High,47,
426,Medium,65,2.1,8.4,1250,1.5,2.6684792627,6795,High,71,V
427,Medium,94,1.8,10.9,1250,2,2.5798335645,7493.4,Low,79,V
428,High,54,1.8,9.4,1100,2.4,2.9631828979,6269.4,Low,43,
429,Medium,92,1.2,7.9,1100,2,2.6207411697,7162.2,High,47,V
430,Medium,88,1.8,3.9,1250,2,2.7786629526,7342.2,Low,47,V
431,Medium,79,1.8,11.9,1000,2,2.5680600334,6755.4,Low,63,
432,Low,62,2.1,4.4,1050,1.8,2.4959792746,6431.4,Medium,75,
433,Medium,68,1.2,4.4,1150,1.6,3.0183419689,6629.4,Low,67,
434,Medium,83,1.2,6.9,1000,1.7,2.4980139027,6791.4,Low,63,
435,Medium,63,2.1,4.9,1100,1.5,2.6148162476,6528.6,High,59,
436,High,50,2.1,4.4,1150,1.7,2.5857962264,6273,Low,59,
437,Medium,94,2.1,9.4,1100,2.3,2.6162076125,7309.8,High,59,
438,Low,79,1.8,7.9,1150,2.2,2.6349244398,6971.4,High,47,H
439,Low,59,2.1,10.4,1050,2.2,2.8493652695,6355.8,Medium,59,
440,Medium,60,2.1,3.4,1050,1.8,2.3245773196,6381,Medium,55,
441,Medium,62,1.2,12.9,1050,1.9,2.5578883658,6334.2,High,39,
442,Medium,88,1.2,3.9,1150,2,2.7276311031,7133.4,Medium,51,H
443,Medium,89,1.5,4.4,1200,2.3,2.6626324596,7263,High,51,
444,Low,51,2.1,6.9,1200,1.6,2.6336136919,6370.2,High,39,
445,Low,88,1.5,5.4,1200,1.4,2.6619478603,7237.8,Low,51,
446,High,92,2.1,8.4,1150,1.7,2.6310673575,7331.4,Low,51,F
447,High,72,2.1,7.9,1200,2.2,2.6976074766,6899.4,Low,71,
448,Low,54,1.2,10.4,1150,1.4,2.5789878163,6276.6,High,67,
449,High,89,1.8,12.9,1100,1.8,2.6296884599,7151.4,High,79,F
450,Low,53,1.8,8.4,1150,2,2.6103057254,6316.2,Medium,59,
451,High,75,1.8,11.9,1200,1.7,2.6804991681,6942.6,High,79,
452,Medium,93,1.2,9.9,1250,1.5,3.8344680851,7403.4,Medium,71,Y
453,Medium,51,1.2,6.4,1200,2,2.5258476658,6273,Medium,63,
454,Medium,73,1.8,11.4,1250,2.4,2.6787717968,6964.2,Medium,43,
455,High,81,1.8,5.4,1150,2.1,2.7734441805,7021.8,Low,43,
456,Medium,77,2.1,3.9,1050,2.2,2.5826819484,6809.4,Medium,71,
457,Medium,59,1.2,12.9,1100,1.5,2.5663352045,6330.6,High,59,K
458,Medium,83,2.1,3.4,1100,2.4,2.425369863,7032.6,Low,55,
459,Low,69,2.1,8.9,1050,2.1,2.5717784615,6607.8,Medium,59,
460,Low,54,1.5,5.9,1150,1.3,2.8449691992,6309,Medium,51,
461,Low,55,1.8,5.4,1000,1.3,211.5399999993,6150.6,Medium,39,
462,High,93,1.5,4.4,1250,2,2.6882208589,7435.8,Low,67,
463,High,56,1.8,9.4,1250,2.1,2.656957972,6535.8,High,79,E
464,High,85,1.8,9.9,1250,1.5,2.6825927918,7266.6,Low,79,
465,Medium,50,1.2,11.9,1050,1.7,2.3337760911,6031.8,High,39,
466,Low,51,1.2,10.4,1150,2.4,2.5501571947,6201,Medium,71,
467,Medium,56,2.1,8.4,1250,2.3,2.646630137,6568.2,Low,43,G
468,High,62,2.1,5.9,1200,2.1,2.5711529412,6647.4,High,67,
469,Medium,84,1.5,5.9,1100,1.8,2.8841961853,6993,Low,75,
470,Low,68,1.8,2.4,1150,2.3,2.5764719905,6694.2,Medium,51,S
471,Low,62,1.5,12.4,1250,1.9,2.6831161473,6654.6,High,51,
472,High,74,1.2,4.4,1200,1.5,2.6484192241,6852.6,Medium,39,
473,High,65,2.1,12.9,1100,2,2.78,6579,Low,43,
474,Low,83,1.8,10.9,1200,1.3,2.6606680585,7144.2,Medium,47,
475,High,59,1.8,9.4,1000,2.1,4.3109090909,6251.4,Medium,51,
476,High,82,2.1,12.9,1150,1.4,2.5492054795,7079.4,Medium,43,
477,High,75,2.1,3.4,1000,1.6,2.5183715415,6687,High,75,
478,Low,57,1.8,3.4,1200,1.7,1.8613559322,6489,Medium,47,
479,Medium,59,1.5,8.9,1050,1.4,3.1813029316,6291,Low,35,
480,Low,72,1.2,6.4,1150,1.5,2.6324512913,6730.2,Medium,55,
481,High,73,1.5,12.4,1100,1.3,2.4993254637,6715.8,Medium,75,
482,High,90,1.5,3.4,1150,1.7,2.7743973941,7216.2,Medium,43,
483,Low,81,1.5,2.9,1200,1.7,2.6533576111,7061.4,High,47,
484,High,64,1.5,3.4,1200,1.7,2.7459953162,6633,High,39,
485,Medium,84,1.8,10.4,1100,2.4,2.3317991632,7025.4,Medium,35,
486,Medium,54,2.1,5.4,1000,2.1,2.5470991957,6157.8,Low,71,
487,Low,50,2.1,4.4,1100,2.1,-24.812,6201,High,51,
488,Low,56,1.8,8.9,1050,1.8,1.7422346369,6247.8,High,43,
489,Low,59,1.8,9.4,1000,2.4,2.1854415274,6251.4,Low,55,
490,Low,60,1.5,7.9,1050,2.3,25.3,6316.2,Low,35,A
491,High,81,1.8,7.9,1150,1.7,2.6280889507,7021.8,Low,71,B
492,Low,89,2.1,7.4,1250,1.9,2.5804033613,7399.8,Low,35,
493,Medium,66,1.2,9.9,1150,2.2,2.6178593653,6579,High,71,A
494,Low,64,2.1,11.4,1250,2.3,2.668090566,6769.8,Low,51,
495,Low,76,1.5,12.9,1050,2.1,2.5660742899,6719.4,Low,67,
496,High,68,1.8,11.4,1000,1.6,2.3528881469,6478.2,Low,71,B
497,Low,89,1.5,2.4,1000,1.8,2.5780972295,6975,Low,47,A
498,Medium,57,1.8,9.4,1150,1.9,2.6140633685,6417,High,79,A
499,Low,92,1.8,11.9,1000,1.6,2.8783963691,7083,Medium,43,A
500,Low,91,1.5,6.4,1050,1.4,2.392590799,7097.4,Low,35,
501,High,71,1.2,12.4,1250,1.3,2.6720425294,6849,Low,55,B
502,Low,53,1.8,8.9,1050,2.3,5.4285245902,6172.2,Medium,51,F
503,Medium,77,1.5,4.9,1000,2,2.4508763505,6672.6,Medium,51,D
504,Medium,67,1.2,12.9,1200,2.3,2.6467487409,6676.2,High,39,
505,High,77,1.5,2.4,1200,2,2.6526968764,6960.6,Medium,39,
506,Medium,63,1.8,2.9,1250,2.1,2.6609297625,6712.2,High,79,
507,Low,80,1.8,3.9,1200,2,2.8206557377,7068.6,High,55,
508,Low,57,1.2,12.9,1000,2.1,2.5074674828,6136.2,Medium,51,S
509,Low,76,1.8,2.4,1100,1.3,2.5891660624,6823.8,Low,63,S
510,Low,65,1.5,6.9,1000,1.5,2.0060750853,6370.2,Medium,55,C
511,High,83,1.8,4.9,1200,1.5,2.6744044321,7144.2,Low,79,V
512,Medium,84,1.8,12.4,1250,2.3,2.6805431158,7241.4,Low,55,V
513,Medium,70,1.8,11.9,1050,1.7,2.8391549296,6600.6,High,59,V
514,Low,79,1.2,9.9,1050,2,2.5342800397,6762.6,Low,35,
515,High,52,1.5,11.9,1000,1.8,2.3895213454,6042.6,Low,43,
516,High,75,1.5,3.9,1000,2.1,2.1541643059,6622.2,Low,67,
517,Low,87,1.8,9.4,1000,1.5,2.5972102481,6957,High,71,D
518,Low,91,1.8,4.9,1050,1.3,2.616696394,7129.8,Medium,51,D
519,High,55,1.2,7.9,1250,1.5,2.6413267813,6445.8,Low,67,
520,Low,59,2.1,6.9,1000,1.8,2.3826482759,6283.8,Medium,71,F
521,High,59,2.1,8.4,1150,2.2,2.6206259169,6499.8,Medium,67,V
522,Low,79,2.1,5.9,1100,1.8,2.4137534247,6931.8,High,35,
523,Medium,53,2.1,3.9,1000,2,2.5333531157,6132.6,High,63,V
524,High,68,1.2,5.4,1000,1.3,2.5085324779,6413.4,Low,35,V
525,High,80,2.1,10.4,1100,2,2.6142091153,6957,Medium,75,
526,High,50,1.2,9.9,1250,1.3,2.528411215,6319.8,Medium,67,V
527,High,75,1.2,8.9,1050,2,2.5894179339,6661.8,Medium,75,V
528,Low,55,1.5,4.4,1200,1.4,2.6203830806,6406.2,High,39,
529,Low,82,1.2,9.4,1050,1.9,2.8594127243,6838.2,High,47,
530,Low,52,1.2,7.4,1250,1.3,2.6429137199,6370.2,Medium,39,
531,Low,82,1.8,3.9,1100,1.5,2.6133082302,6975,Medium,51,
532,Low,85,1.2,9.9,1100,1.6,2.8668632708,6985.8,High,63,
533,High,66,1.2,7.4,1250,2.1,2.6682898062,6723,Medium,67,
534,Medium,63,1.8,2.4,1200,2,2.3356302521,6640.2,Medium,67,
535,Low,76,2.1,5.9,1050,2,1.5832,6784.2,High,63,
536,Medium,84,2.1,8.4,1150,2.1,2.5863119266,7129.8,High,47,
537,High,58,1.5,4.4,1050,2,2.8423594267,6265.8,Low,71,H
538,High,77,1.8,4.9,1150,1.4,2.7252080856,6921,Low,79,
539,Low,50,1.2,9.9,1200,2.2,2.5782071097,6247.8,Low,63,
540,Medium,59,1.2,7.9,1100,2,2.5326504752,6330.6,Low,51,H
541,High,84,2.1,12.9,1000,1.4,2.2900235294,6913.8,High,59,
542,Medium,86,1.2,2.9,1200,2.3,2.6586483633,7155,Medium,67,
543,Low,62,1.8,12.4,1250,2.1,2.6632711393,6687,Medium,47,
544,Medium,74,1.5,6.9,1050,1.8,2.6039543416,6669,Low,55,F
545,Low,85,1.2,3.9,1250,1.3,2.6919460826,7201.8,Medium,55,
546,High,85,1.5,7.4,1050,2.3,2.8571663921,6946.2,Low,59,
547,Medium,70,1.5,11.4,1050,2.4,2.599974282,6568.2,Low,35,F
548,Medium,63,1.2,3.9,1000,2.3,2.4751077788,6287.4,Low,55,
549,High,50,1.5,8.9,1000,2.3,2.5656401232,5992.2,Low,47,Y
550,Low,58,2.1,12.4,1200,2.1,2.6148402367,6546.6,Medium,43,
551,Medium,82,1.5,10.4,1200,2.1,2.6641217799,7086.6,Low,71,
552,High,55,1.2,9.4,1000,1.4,2.1527764128,6085.8,Low,43,
553,Medium,62,1.2,7.4,1100,2.4,2.8324219911,6406.2,High,43,
554,High,54,1.2,6.4,1200,2.3,2.4393832599,6348.6,Low,59,K
555,Low,53,2.1,6.9,1100,2.3,2.1274285714,6276.6,Medium,39,
556,Medium,75,2.1,7.9,1100,1.4,3.2042285714,6831,Medium,35,
557,Low,69,1.8,6.4,1100,2.4,2.785136742,6647.4,Low,51,
558,High,82,1.8,12.9,1000,1.6,2.5609512044,6831,Low,55,
559,Low,62,1.2,4.9,1150,1.5,2.6003213466,6478.2,Low,71,
560,Low,73,1.2,11.4,1250,1.7,2.6704231253,6899.4,High,75,E
561,Low,54,1.5,2.9,1100,1.3,2.5365330848,6237,High,43,
562,Medium,78,1.5,7.9,1000,2.4,2.860755608,6697.8,High,39,
563,High,68,1.5,10.4,1150,1.3,2.6249865084,6661.8,Low,43,
564,High,89,1.5,3.4,1050,2.4,2.8990965092,7047,High,55,
565,Low,50,2.1,7.9,1250,1.5,2.6520643432,6417,Low,43,G
566,Low,66,1.5,3.4,1200,1.5,2.4704046243,6683.4,Low,47,
567,High,76,1.8,11.9,1200,2.4,2.650834065,6967.8,High,67,
568,Low,57,1.5,2.4,1000,1.7,3.0401096892,6168.6,Medium,67,S
569,Medium,79,2.1,4.9,1250,1.7,2.676,7147.8,Low,47,
570,Low,52,1.5,11.4,1200,2.3,2.7486288848,6330.6,High,79,
571,Medium,68,2.1,12.4,1000,2.4,3.0010093458,6510.6,High,35,
572,Low,84,2.1,5.4,1250,1.6,2.7166015038,7273.8,High,47,
573,High,87,1.8,2.4,1100,2.4,2.9937759336,7101,Medium,79,
574,Medium,83,1.2,3.4,1200,2,2.6517963225,7079.4,Low,79,
575,Medium,66,1.2,4.9,1150,1.4,2.6048814078,6579,Low,75,
576,High,50,1.8,5.9,1200,1.9,2.6378829003,6312.6,Low,59,
577,Low,71,1.2,6.9,1000,1.9,2.5702910705,6489,Medium,47,
578,Low,88,1.5,7.9,1250,2.2,2.9275144509,7309.8,Low,59,
579,Medium,78,1.2,5.4,1150,1.3,2.5310565111,6881.4,Medium,63,
580,High,70,1.2,4.4,1200,2.4,2.6400765111,6751.8,High,51,
581,Low,68,1.2,4.9,1200,2.3,3.0446575342,6701.4,Medium,39,
582,Low,78,1.5,4.4,1050,2,2.8423933975,6769.8,Low,51,
583,High,78,1.2,9.4,1200,1.7,2.6268292683,6953.4,Medium,55,
584,High,85,1.8,12.4,1150,2.1,38.4199999999,7122.6,Low,63,
585,High,53,1.2,4.9,1000,1.8,-1.8736170213,6035.4,Low,63,
586,Medium,80,1.5,5.9,1250,2.2,2.62,7108.2,Medium,47,
587,Low,86,2.1,4.9,1250,2.1,2.67572147,7324.2,High,39,
588,Medium,53,1.5,10.9,1250,2.3,2.6697585769,6427.8,High,75,A
589,Medium,77,1.8,11.4,1050,1.9,2.5703266157,6777,High,35,B
590,High,57,2.1,5.4,1000,1.7,2.5375548961,6233.4,High,63,
591,Low,54,1.8,6.4,1150,1.7,3.1545856354,6341.4,Low,59,A
592,High,78,2.1,6.9,1250,1.4,2.6788438538,7122.6,Medium,75,
593,Medium,76,1.2,9.4,1150,1.4,2.6362392388,6831,Medium,63,B
594,Medium,63,1.8,5.9,1000,1.7,2.5610005053,6352.2,Medium,79,A
595,Medium,63,2.1,8.4,1150,2.2,2.5583172414,6600.6,High,59,A
596,High,64,1.8,3.4,1200,1.8,2.9631404959,6665.4,High,67,A
597,Low,66,2.1,4.9,1200,2.1,2.6310967742,6748.2,Low,39,
598,High,56,2.1,2.9,1100,1.7,2.5736744186,6352.2,High,75,B
599,High,80,1.5,4.4,1150,1.5,2.5828177642,6964.2,High,39,F
600,Medium,72,1.2,6.4,1200,1.9,2.6482260772,6802.2,Low,55,D
601,Medium,66,1.8,12.4,1200,2,2.6208497724,6715.8,Medium,75,
602,Medium,58,1.5,10.9,1250,2,2.6601456664,6553.8,Low,71,
603,Medium,67,1.8,7.9,1000,1.7,2.3113543599,6453,High,79,
604,High,69,2.1,5.9,1200,2.3,2.6262675159,6823.8,Low,51,
605,Medium,50,2.1,5.9,1000,1.4,2.5099377163,6057,Low,63,S
606,Medium,63,1.2,3.9,1200,1.5,2.7074148802,6575.4,High,79,S
607,Low,88,2.1,2.4,1000,1.3,2.4581146497,7014.6,High,43,C
608,High,90,1.8,3.9,1100,1.7,77.3799999998,7176.6,Medium,55,V
609,Low,61,1.2,2.4,1100,1.9,2.825675307,6381,Low,79,V
610,Low,72,1.2,10.4,1100,2.3,2.6159220662,6658.2,Medium,43,V
611,Low,57,1.5,4.9,1050,1.4,2.533541508,6240.6,Low,75,
612,Medium,90,1.5,10.9,1150,2.3,2.4079646018,7216.2,Low,59,
613,Low,53,1.5,9.4,1050,1.7,2.518575021,6139.8,Low,71,
614,Medium,65,1.2,9.9,1000,1.6,3.0977829099,6337.8,Medium,71,D
615,Low,94,1.2,7.4,1150,2,2.6471001573,7284.6,Medium,75,D
616,Medium,55,1.8,7.9,1000,2.2,2.5162056984,6150.6,Medium,43,
617,High,92,1.8,10.9,1100,1.9,2.630328977,7227,Medium,35,F
618,Medium,53,1.5,5.9,1150,1.4,2.540931436,6283.8,High,79,V
619,Medium,78,1.5,9.4,1150,2.3,2.7177095632,6913.8,Low,35,
620,High,88,2.1,4.4,1100,1.8,2.623192399,7158.6,High,59,V
621,Low,55,2.1,7.9,1150,1.7,2.6199445727,6399,High,71,V
622,Low,63,1.2,9.4,1150,1.3,2.6109885676,6503.4,Medium,67,
623,Low,67,1.2,11.4,1000,1.8,-1.2693617021,6388.2,High,35,V
624,Low,79,1.2,12.9,1150,2.4,2.616266137,6906.6,High,67,V
625,Medium,59,1.5,5.4,1200,2.3,2.7299835255,6507,High,43,
626,Medium,94,1.5,6.9,1150,1.3,2.5497854077,7317,Medium,71,
627,Medium,52,1.5,10.9,1150,1.5,2.5596640538,6258.6,Medium,55,
628,Low,62,1.8,5.9,1250,2.4,2.6688022284,6687,High,47,
629,Low,88,1.8,7.4,1200,1.7,2.6624283882,7270.2,Low,67,
630,Medium,66,1.8,6.9,1250,1.8,2.6643803515,6787.8,Low,51,
631,High,71,1.5,12.9,1050,1.8,2.594123268,6593.4,Medium,51,
632,Low,93,1.8,10.9,1000,1.6,2.843815621,7108.2,High,59,
633,Low,75,2.1,5.9,1150,2.4,3.6789090909,6903,Medium,47,
634,Medium,59,1.5,6.9,1250,1.6,2.658754988,6579,Low,71,H
635,Low,70,1.5,9.9,1050,2.2,2.6025519772,6568.2,High,67,
636,High,92,1.8,11.4,1100,1.3,2.6304010816,7227,Low,43,
637,Medium,55,1.5,10.4,1100,1.5,2.8322145805,6262.2,Medium,59,H
638,High,57,1.5,5.9,1150,1.5,2.5487451488,6384.6,High,47,
639,Medium,92,2.1,2.4,1250,1.7,2.7207388535,7475.4,High,55,
640,Medium,87,2.1,5.9,1000,2.4,2.5929466951,6989.4,Low,63,
641,Low,51,1.8,7.4,1150,1.7,2.8821377672,6265.8,Medium,71,F
642,Medium,90,1.5,4.4,1000,2.3,3.4818181818,7000.2,Low,71,
643,High,60,1.8,10.4,1200,2.3,2.6369734404,6564.6,Medium,71,
644,Low,77,1.5,12.4,1050,1.6,2.557877095,6744.6,Medium,43,F
645,Low,93,1.8,4.9,1050,2.4,2.521309371,7180.2,High,35,
646,High,73,1.5,3.4,1100,2.4,2.6049325418,6715.8,Low,79,
647,High,77,2.1,4.4,1200,2.2,2.6878878505,7025.4,Low,51,Y
648,Low,58,1.5,6.9,1200,1.7,2.7764032698,6481.8,High,71,
649,Medium,60,1.8,5.4,1100,2.3,3.6590082645,6420.6,High,63,
650,Low,81,1.2,9.9,1250,1.3,2.6141992434,7101,Low,47,
651,Medium,81,1.5,11.9,1150,2.1,2.6263527534,6989.4,High,55,
652,Medium,77,1.8,11.4,1250,2.3,2.5860807601,7065,High,71,K
653,Medium,64,2.1,4.9,1250,1.9,2.6681983471,6769.8,High,47,
654,Medium,61,1.5,3.9,1200,2.3,2.7340036563,6557.4,Low,79,
655,Medium,73,2.1,5.4,1000,1.7,2.997046729,6636.6,Medium,55,
656,Medium,91,1.2,4.4,1150,1.4,2.6339855654,7209,Medium,75,
657,Low,79,1.5,2.9,1050,1.8,2.5294175716,6795,High,39,
658,Medium,68,2.1,6.9,1200,1.4,2.6926227545,6798.6,Low,67,E
659,Low,94,1.5,11.4,1050,1.4,2.5043491577,7173,Low,63,
660,Low,92,1.8,9.9,1250,1.6,2.7201112347,7443,Low,63,
661,Medium,79,2.1,7.4,1200,2.3,2.6550803324,7075.8,High,71,
662,High,74,1.8,9.4,1000,2.4,2.4345314506,6629.4,Low,55,
663,Medium,58,2.1,11.9,1200,2,2.5682352941,6546.6,Low,67,G
664,Medium,88,2.1,8.9,1150,1.8,2.6467405941,7230.6,Medium,79,
665,Low,59,1.2,5.9,1150,2.3,2.763001261,6402.6,Low,43,
666,Medium,93,1.2,2.4,1150,1.6,2.6364651875,7259.4,High,75,S
667,High,69,1.8,3.4,1200,2.2,2.5006703911,6791.4,High,63,
668,Low,55,1.8,12.4,1150,1.8,2.6153093061,6366.6,High,79,
669,Low,54,1.8,8.4,1150,2,3.1450828729,6341.4,Low,43,
670,Medium,60,2.1,3.9,1000,1.9,2.5611051345,6309,High,51,
671,High,75,1.2,5.4,1000,1.3,2.5494337274,6589.8,High,55,
672,Medium,82,1.5,7.4,1200,1.5,2.6561165049,7086.6,Low,75,
673,High,94,2.1,11.4,1050,2,2.7823952096,7237.8,Medium,67,
674,Low,58,1.8,12.9,1150,2.1,2.6229537875,6442.2,High,47,
675,Low,59,1.5,11.4,1200,2.3,2.6377166766,6507,Medium,59,
676,Low,82,1.2,6.9,1200,1.8,2.6554804646,7054.2,Low,47,
677,Medium,82,2.1,6.9,1150,2.1,2.4191351351,7079.4,Medium,71,
678,High,56,1.2,8.9,1100,1.8,2.6017419655,6255,Medium,39,
679,Medium,63,1.8,7.9,1050,1.5,2.5819807984,6424.2,Medium,79,
680,Low,76,1.2,6.4,1000,2.2,2.2871520343,6615,Medium,51,
681,Low,84,1.8,5.4,1200,2.2,2.6588952579,7169.4,Low,59,
682,Medium,82,1.2,11.4,1000,1.4,2.4650302297,6766.2,Low,79,
683,High,74,1.8,3.4,1150,2.4,2.6341598974,6845.4,High,43,
684,Medium,54,2.1,3.4,1000,1.3,2.5242300319,6157.8,Low,43,
685,Medium,90,1.5,6.4,1200,1.4,2.6645188285,7288.2,Low,75,A
686,Medium,90,1.5,12.9,1050,1.5,1.7113274336,7072.2,Low,67,B
687,High,76,1.8,7.4,1200,2,2.6430750894,6967.8,Low,59,
688,Low,88,1.5,10.9,1200,1.6,2.7087861272,7237.8,Low,75,A
689,Low,74,2.1,12.4,1000,1.4,0.0009230769,6661.8,Low,39,
690,High,50,1.2,6.9,1150,1.8,3.1588601036,6175.8,Low,51,
691,Low,54,2.1,5.4,1200,2,2.2584,6445.8,Medium,51,B
692,Medium,81,1.8,7.9,1250,2.1,2.5449169435,7165.8,Low,67,A
693,Medium,82,1.2,5.4,1050,2.3,2.6073481357,6838.2,Medium,71,A
694,Low,69,1.8,3.9,1050,2,2.4549930459,6575.4,High,71,A
695,High,90,2.1,2.4,1250,1.4,2.8041311475,7425,Low,79,
696,Medium,75,2.1,5.4,1050,1.6,2.560967509,6759,Low,55,B
697,Low,79,1.8,7.9,1100,1.4,2.6053736875,6899.4,Low,71,F
698,Low,93,1.2,12.9,1150,1.8,2.5289820359,7259.4,Low,47,D
699,High,73,1.5,3.4,1050,2,22.9742857143,6643.8,High,35,
700,High,87,1.2,6.4,1050,1.8,2.4938330976,6964.2,Medium,75,
701,Low,50,2.1,11.4,1200,1.8,2.6321823056,6345,Low,35,
702,High,73,1.8,8.9,1050,1.8,2.6039284262,6676.2,Medium,55,
703,Medium,66,1.2,6.9,1050,2,2.9316094033,6435,Low,63,S
704,Low,90,1.5,2.9,1100,2.4,2.6184829894,7144.2,Medium,79,S
705,Low,52,1.8,12.9,1100,1.5,2.5811859172,6219,Medium,47,C
706,High,55,2.1,10.4,1100,1.4,2.5826830769,6327,Medium,43,V
707,Medium,57,1.8,6.4,1000,2.4,3.2274238227,6201,Low,67,V
708,Low,69,1.8,11.4,1250,1.5,2.6780569185,6863.4,Low,67,V
709,Low,72,2.1,8.4,1250,1.9,2.6733929712,6971.4,Medium,55,
710,Medium,68,2.1,8.4,1000,1.6,2.8827065868,6510.6,High,51,
711,High,52,1.5,3.4,1000,2.3,2.5539104771,6042.6,Medium,47,D
712,High,50,1.5,12.9,1200,2,2.6373867136,6280.2,Low,67,D
713,Medium,63,2.1,3.9,1150,1.6,2.4775058824,6600.6,Medium,39,
714,Medium,91,1.5,2.4,1150,2,2.6382356729,7241.4,Medium,59,F
715,Low,65,1.8,10.4,1000,1.5,2.5832208215,6402.6,Medium,71,V
716,Low,92,1.8,5.4,1050,2,2.6155103701,7155,Medium,39,
717,Medium,57,1.8,7.9,1150,2.2,2.604149433,6417,Medium,55,V
718,High,86,2.1,8.9,1200,1.4,2.6613496333,7252.2,Medium,79,V
719,Medium,79,1.8,10.9,1250,2.3,2.5660387812,7115.4,Low,43,
720,Medium,62,2.1,10.4,1150,1.6,2.6292474012,6575.4,High,47,V
721,Low,72,1.2,11.9,1100,2.4,2.3832276657,6658.2,Medium,79,V
722,Low,91,1.5,12.4,1150,2.3,2.5987893462,7241.4,Low,79,
723,Low,74,1.5,6.4,1050,1.8,2.4671809257,6669,Low,39,
724,Medium,89,2.1,4.4,1050,1.8,2.4481100917,7111.8,Medium,63,
725,High,90,1.8,6.9,1100,1.6,75.0199999998,7176.6,Low,71,
726,Low,83,1.5,7.4,1250,2.2,2.6864340544,7183.8,Medium,39,
727,High,67,2.1,3.9,1100,2.4,2.3982588235,6629.4,High,67,
728,High,52,2.1,2.9,1200,2.3,2.6083133641,6395.4,High,71,
729,Medium,81,1.2,9.9,1100,1.8,2.5303554869,6885,Medium,35,
730,Medium,78,1.8,2.4,1200,2.1,2.6457114818,7018.2,Low,39,
731,High,80,1.5,7.9,1050,2.3,2.4650842266,6820.2,Medium,55,H
732,Medium,60,2.1,3.9,1200,2.4,2.4327567568,6597,Low,71,
733,High,87,2.1,3.4,1050,1.5,0.8138461538,7061.4,High,55,
734,Low,78,2.1,8.9,1200,2,2.6113513514,7050.6,Low,47,
735,High,93,1.5,10.9,1200,2,2.4241791045,7363.8,High,47,H
736,Medium,77,1.2,6.9,1150,1.6,2.4275770925,6856.2,Medium,63,
737,High,64,1.5,11.9,1150,2.1,2.6113189114,6561,High,35,
738,Medium,55,1.5,12.9,1100,2.2,2.8290784044,6262.2,Medium,47,
739,Medium,64,2.1,7.4,1100,1.6,2.4729586777,6553.8,High,51,F
740,Medium,64,1.5,6.9,1050,1.7,3.1600651466,6417,Low,51,
741,Medium,76,1.5,8.4,1200,2.2,2.6402143951,6935.4,High,47,
742,High,64,1.8,8.9,1000,1.7,2.5494077056,6377.4,Medium,71,F
743,Medium,53,2.1,8.4,1150,1.9,3.1733714286,6348.6,Low,47,
744,High,88,1.8,9.9,1050,1.3,4.5170491803,7054.2,Medium,63,
745,High,66,1.5,8.9,1050,1.4,3.0666485014,6467.4,High,63,Y
746,Medium,81,1.2,4.4,1000,2.1,2.5838060716,6741,High,63,
747,High,71,1.8,4.9,1150,2.2,2.6294521201,6769.8,Medium,75,
748,Low,78,2.1,3.4,1100,1.7,2.6064068768,6906.6,Low,39,
749,Low,91,2.1,12.9,1000,2.4,2.930728972,7090.2,Low,39,
750,Low,67,2.1,11.9,1150,2.4,2.6093754941,6701.4,High,43,K
751,Medium,71,1.2,6.9,1100,2.1,3.0637944664,6633,Low,71,
752,High,63,1.5,9.9,1250,1.8,2.6655227454,6679.8,High,47,
753,Medium,61,1.2,5.4,1250,1.8,2.6602025711,6597,Medium,39,
754,Medium,66,1.8,9.4,1100,2.3,2.3589415042,6571.8,Low,55,
755,High,65,1.8,3.4,1000,1.7,3.469626556,6402.6,High,55,
756,Medium,93,1.8,4.4,1200,1.8,2.6904178273,7396.2,Medium,39,E
757,Medium,91,2.1,4.9,1000,1.3,2.5983042596,7090.2,Medium,55,
758,High,76,1.2,2.9,1200,2.4,2.648137189,6903,High,47,
759,Low,72,2.1,9.4,1000,1.7,3.2644745763,6611.4,Low,67,
760,Medium,75,2.1,5.9,1250,1.3,2.6113263158,7047,High,39,
761,Low,67,1.5,12.9,1200,1.3,2.6492995933,6708.6,Low,63,G
762,High,92,1.5,10.9,1050,2.3,2.5944823311,7122.6,Low,71,
763,High,92,1.2,5.4,1100,2.3,2.7421570926,7162.2,Low,63,S
764,High,78,1.2,8.4,1200,1.7,2.6544125609,6953.4,Low,35,
765,Medium,87,1.8,5.4,1000,1.8,2.5692121909,6957,Medium,51,
766,High,54,1.5,8.9,1250,1.6,2.644315197,6453,High,63,
767,High,93,1.8,9.9,1250,1.9,2.6861838971,7468.2,Low,75,
768,High,88,1.8,2.9,1200,1.5,2.6566759003,7270.2,Medium,59,
769,High,54,1.2,4.9,1200,2.1,3.3635616438,6348.6,High,75,
770,Medium,53,2.1,3.4,1000,2.2,2.5056895307,6132.6,Medium,47,
771,Low,81,1.5,11.4,1250,1.3,2.6873270211,7133.4,High,71,
772,Medium,56,1.5,9.4,1100,1.7,2.8067768595,6287.4,Medium,55,
773,Low,72,1.8,5.4,1200,1.5,2.6839733629,6867,Low,43,
774,Medium,66,1.8,11.4,1050,2.2,2.5939702569,6499.8,Medium,35,
775,High,80,1.8,5.9,1200,1.3,2.6503232534,7068.6,Low,35,
776,Medium,67,2.1,9.4,1000,2.2,2.4392662722,6485.4,Low,63,
777,Low,66,1.8,5.9,1200,1.6,2.595782881,6715.8,Medium,71,
778,High,92,1.5,2.4,1100,2.1,2.7926508227,7194.6,Low,35,
779,High,86,1.5,10.4,1100,2.4,2.593239188,7043.4,Medium,67,
780,High,50,1.2,3.4,1250,2.4,2.6462179956,6319.8,Medium,63,
781,Low,80,2.1,9.9,1050,2.4,2.6006935867,6885,High,43,
782,Low,75,2.1,10.4,1050,2,5.0709090909,6759,High,51,A
783,High,58,2.1,11.9,1250,2.2,2.796,6618.6,High,63,B
784,High,79,1.2,10.4,1150,2.4,2.3795209581,6906.6,High,47,
785,High,66,2.1,3.4,1050,1.9,2.0337142857,6532.2,Low,39,A
786,Medium,69,1.8,11.9,1250,2.3,2.6676128508,6863.4,Low,47,
787,Low,76,1.5,6.4,1050,1.6,2.4861836999,6719.4,Low,63,
788,High,82,1.5,7.4,1250,1.8,2.7095371669,7158.6,High,75,B
789,High,59,1.2,12.9,1100,1.6,2.6109174696,6330.6,Medium,43,A
790,Medium,87,1.8,12.4,1050,1.4,2.0318435754,7029,High,79,A
791,Medium,53,1.5,4.4,1250,1.6,2.6543591942,6427.8,Low,79,A
792,Medium,63,1.2,10.9,1000,2,2.4802436739,6287.4,High,67,
793,Low,85,1.8,4.4,1050,2.3,2.5925847693,6978.6,Low,63,B
794,Low,52,1.5,10.4,1150,2.1,2.765501771,6258.6,Low,67,F
795,Medium,67,1.2,6.4,1100,1.7,2.5680707666,6532.2,High,39,D
796,Medium,63,1.8,11.4,1150,2.4,2.6240020212,6568.2,Medium,35,
797,High,74,1.5,2.9,1150,1.7,2.6247316792,6813,High,43,
798,High,65,1.8,11.9,1150,1.8,1.5027118644,6618.6,High,63,
799,Low,74,1.8,5.4,1050,2,2.52437684,6701.4,High,35,S
800,High,85,1.5,6.9,1150,2,2.7043219405,7090.2,Medium,71,S
801,High,55,1.8,9.4,1100,1.4,2.5359175662,6294.6,High,39,C
802,Low,74,1.8,5.4,1100,1.4,2.5633954858,6773.4,High,63,V
803,Medium,66,2.1,8.4,1250,1.7,2.6643089109,6820.2,Low,67,V
804,Low,52,2.1,4.9,1200,2.4,2.6269907692,6395.4,Low,51,
805,Low,75,2.1,10.9,1100,1.7,4.3385454545,6831,Low,79,
806,High,67,2.1,7.9,1050,1.3,2.5950196937,6557.4,Low,63,
807,Low,79,1.5,5.9,1050,2,2.8132467532,6795,Medium,35,D
808,Low,79,1.8,2.4,1100,1.7,2.8313863216,6899.4,Low,75,
809,Medium,91,1.5,3.9,1200,1.6,2.6364169381,7313.4,High,67,F
810,High,77,2.1,10.4,1200,1.7,2.6522113208,7025.4,Medium,35,V
811,Low,57,1.5,2.9,1050,1.6,2.4945903258,6240.6,High,75,
812,Medium,85,2.1,3.9,1100,2.4,2.00368,7083,Low,51,V
813,High,77,1.5,2.4,1100,1.6,1.8037168142,6816.6,Medium,67,V
814,Low,60,1.5,9.4,1150,2.4,2.9115960912,6460.2,Medium,39,
815,Low,57,2.1,9.9,1050,1.4,2.2160547945,6305.4,High,67,V
816,Medium,82,1.8,8.4,1050,2.3,2.5743293954,6903,High,55,V
817,Low,75,2.1,10.9,1250,1.6,2.1574545455,7047,Medium,39,
818,Low,82,1.8,2.9,1200,2.2,2.6843189369,7119,Low,35,
819,Medium,85,1.5,3.4,1100,2.2,2.7648538755,7018.2,Low,39,
820,Low,79,1.2,12.4,1000,1.6,2.5958161278,6690.6,High,47,
821,Low,62,1.2,12.4,1000,1.7,2.5131599082,6262.2,Medium,35,
822,Low,85,1.8,4.9,1100,1.7,2.6149082824,7050.6,Low,51,
823,High,86,1.2,7.4,1050,2.3,2.4359392789,6939,Low,39,
824,Medium,67,1.2,12.9,1250,2.1,2.616461126,6748.2,High,51,
825,High,58,2.1,12.9,1200,2.1,-5.052,6546.6,Low,39,
826,Medium,57,1.8,9.9,1100,1.4,2.9991689751,6345,Low,79,H
827,Low,89,2.1,9.4,1200,1.6,2.650122905,7327.8,Medium,71,
828,High,55,1.8,3.9,1000,1.7,2.5782939124,6150.6,Medium,35,
829,High,62,1.2,12.9,1100,1.9,2.5136636245,6406.2,Medium,39,
830,Low,54,1.5,10.4,1050,2.3,2.5052190121,6165,High,67,H
831,Low,55,1.5,3.9,1250,2.1,2.6707607497,6478.2,Medium,71,
832,High,62,2.1,2.9,1000,2.1,2.5412106825,6359.4,Low,71,
833,Low,69,1.5,5.4,1000,1.6,2.5655448555,6471,High,43,
834,Low,87,1.8,9.4,1050,2.1,2.2781939799,7029,High,55,F
835,Low,77,1.5,3.9,1100,2.3,2.6224035018,6816.6,High,71,
836,High,59,1.8,11.9,1200,1.7,2.7500712589,6539.4,Low,59,
837,High,76,1.2,12.9,1000,2.1,2.565002798,6615,Low,43,F
838,Low,90,1.8,9.9,1100,2,2.5319851577,7176.6,Low,79,
839,Medium,83,1.8,10.4,1100,1.3,2.9939419087,7000.2,Low,51,
840,High,79,2.1,8.9,1250,2.1,2.6829891697,7147.8,Medium,79,Y
841,Medium,60,2.1,7.4,1100,2.2,2.015027027,6453,Medium,71,
842,Low,79,1.2,3.9,1150,1.9,2.5336117936,6906.6,High,47,
843,Medium,50,2.1,4.9,1050,1.6,2.5049257642,6129,Low,63,
844,Low,81,1.8,8.9,1000,1.6,3.5680662983,6805.8,Medium,67,
845,Low,85,1.2,4.9,1150,1.3,2.6134611048,7057.8,High,63,K
846,Low,73,2.1,6.4,1250,1.9,2.6094939759,6996.6,Low,55,
847,Medium,52,1.2,12.9,1150,2.3,2.3544947735,6226.2,Medium,67,
848,Medium,83,1.2,11.4,1000,2.4,2.4347666195,6791.4,Low,63,
849,High,69,1.2,9.4,1200,1.3,2.6386335404,6726.6,Low,59,
850,Low,75,1.8,7.9,1150,2.2,2.7424810893,6870.6,Low,55,
851,High,64,1.8,10.4,1250,2.4,2.5842975207,6737.4,Medium,47,E
852,High,63,1.2,9.9,1200,2.3,2.6468847228,6575.4,High,35,
853,Low,88,1.2,11.9,1100,1.5,2.8235103926,7061.4,High,63,
854,Low,65,1.8,6.9,1050,1.3,2.5897452524,6474.6,Low,71,
855,Medium,58,2.1,2.4,1150,1.9,3.1550857143,6474.6,Low,67,
856,High,65,2.1,2.4,1150,2.4,1.4963076923,6651,Medium,39,G
857,Low,71,1.2,5.9,1000,2,4.0329323308,6489,Medium,43,
858,Medium,79,1.2,9.9,1000,2.3,2.582272939,6690.6,High,55,
859,Low,54,2.1,10.4,1200,2.2,2.29104,6445.8,High,51,S
860,High,75,1.8,3.9,1100,1.4,2.6154574132,6798.6,Low,55,
861,Low,64,1.2,2.4,1050,2.1,2.8574274905,6384.6,Medium,71,
862,High,69,1.8,9.4,1000,2,1.6331843575,6503.4,High,55,
863,Medium,79,1.8,7.9,1150,2,2.7335249622,6971.4,Medium,63,
864,Medium,82,1.8,8.4,1150,2.1,2.7629928741,7047,Medium,55,
865,Medium,55,2.1,11.4,1050,1.6,2.5658108883,6255,Low,75,
866,Low,84,1.5,6.9,1200,2.2,2.6592993145,7137,Medium,79,
867,Low,81,1.8,3.4,1000,1.5,2.5375924583,6805.8,Low,35,
868,Medium,66,1.8,6.4,1100,1.4,2.6022407504,6571.8,Low,75,
869,Medium,55,2.1,9.9,1200,1.9,3.0551304348,6471,High,59,
870,Medium,89,1.2,5.4,1050,1.5,2.5305749718,7014.6,Medium,39,
871,High,64,1.8,11.4,1050,2.2,3.900661157,6449.4,Low,47,
872,Low,73,1.8,4.9,1000,1.3,2.44488677,6604.2,High,63,
873,Low,72,2.1,6.4,1000,2.1,2.5172648221,6611.4,Low,35,
874,Low,93,1.8,11.4,1150,1.8,2.6303722721,7324.2,Medium,43,
875,High,62,1.2,7.9,1250,2,2.6616330039,6622.2,High,63,
876,High,57,1.5,6.4,1150,2.2,2.6234290613,6384.6,Medium,51,
877,Low,57,2.1,5.4,1100,1.8,2.5948155844,6377.4,Medium,75,
878,Low,76,1.2,4.4,1250,2.1,2.8051497006,6975,High,75,
879,High,59,1.5,2.9,1200,1.3,2.5750469043,6507,Low,55,B
880,High,77,1.8,9.9,1050,1.6,2.6092981776,6777,High,75,
881,High,61,1.2,11.9,1050,1.9,2.3965587734,6309,Low,47,A
882,High,51,1.5,5.9,1000,1.5,2.5436481382,6017.4,High,63,
883,Low,88,1.5,2.9,1200,2.2,2.6615910677,7237.8,Low,55,
884,Medium,64,2.1,4.4,1000,1.5,2.0186885246,6409.8,Low,71,B
885,High,73,1.5,10.4,1050,1.6,2.5861953589,6643.8,Low,43,A
886,High,70,1.2,5.9,1000,2.1,2.47632572,6463.8,Low,67,A
887,Low,69,1.8,3.4,1050,1.7,2.5950943396,6575.4,High,67,A
888,Medium,92,1.5,2.9,1050,1.4,2.5818143754,7122.6,High,51,
889,High,54,2.1,4.4,1050,2.2,2.9001678322,6229.8,Low,79,B
890,High,84,1.8,3.4,1100,1.3,2.768681178,7025.4,High,39,F
891,Medium,75,1.5,11.9,1000,1.5,2.5862751822,6622.2,High,47,D
892,High,75,1.2,3.9,1200,1.6,2.6456465187,6877.8,Low,51,
893,Medium,82,2.1,6.9,1250,1.3,2.6801260745,7223.4,Low,47,
894,Low,80,1.2,7.9,1250,1.4,2.7164906303,7075.8,Medium,59,
895,High,79,1.2,7.4,1000,2.4,2.5620034742,6690.6,Medium,71,
896,High,73,2.1,2.4,1050,1.4,2.4232396694,6708.6,Low,63,S
897,High,61,1.2,5.9,1150,1.7,2.6229622729,6453,Medium,51,C
898,Medium,78,1.2,8.4,1000,1.7,2.5736146416,6665.4,Low,35,V
899,Medium,85,1.5,5.9,1000,1.3,2.8644218551,6874.2,Medium,43,V
900,Medium,60,2.1,10.4,1100,2.1,2.602806846,6453,High,67,V
901,Low,65,1.2,5.9,1250,1.5,2.6476019576,6697.8,High,67,
902,High,61,1.8,5.4,1150,1.6,2.5933110926,6517.8,Medium,59,
903,High,93,1.5,9.9,1050,1.6,2.589564635,7147.8,Medium,51,
904,Low,74,1.8,7.9,1250,2.2,2.6834347399,6989.4,Low,39,D
905,High,90,1.5,9.4,1100,2,2.6039744613,7144.2,Low,47,D
906,Medium,56,2.1,5.9,1250,1.6,2.6904680851,6568.2,Medium,79,
907,Low,62,1.5,11.4,1050,1.5,2.5652696838,6366.6,Medium,71,V
908,High,90,2.1,10.4,1000,1.7,2.5909376443,7065,Medium,63,
909,Medium,93,1.5,12.4,1000,1.9,-0.0313207547,7075.8,Medium,43,V
910,Medium,82,1.2,11.9,1050,1.5,2.6093925429,6838.2,Low,51,V
911,High,53,1.5,10.4,1200,2.4,2.522776204,6355.8,Low,67,V
912,High,59,1.5,5.4,1050,1.4,2.5917843711,6291,Medium,67,V
913,High,50,2.1,9.4,1200,2.4,2.7247185629,6345,High,35,
914,Low,88,2.1,4.9,1000,1.8,2.5933560768,7014.6,Low,35,
915,Medium,72,2.1,9.9,1250,1.5,2.6297902098,6971.4,High,55,
916,Medium,87,1.8,8.4,1000,2.2,3.9436363636,6957,Low,67,
917,Low,60,1.8,9.4,1000,1.8,200.1399999994,6276.6,High,79,
918,Low,85,1.5,11.4,1100,1.5,2.6090957803,7018.2,Medium,47,
919,High,87,1.8,4.9,1050,2,2.8792236599,7029,Low,47,
920,Medium,81,1.5,4.9,1000,1.9,2.4029709035,6773.4,Low,35,
921,High,87,1.5,9.4,1250,1.5,2.704225074,7284.6,Medium,43,H
922,Low,88,2.1,4.9,1150,2.4,2.6446311301,7230.6,High,43,
923,High,83,1.2,2.4,1150,2.1,6.2723076923,7007.4,Medium,43,
924,High,67,1.5,2.9,1250,1.4,2.6670456664,6780.6,Medium,51,H
925,Medium,66,1.8,7.9,1250,2,2.6655237103,6787.8,High,47,
926,High,66,1.5,6.9,1000,1.7,2.9459370315,6395.4,Medium,47,
927,High,74,1.2,9.9,1250,2.3,2.6773230554,6924.6,Medium,71,
928,Medium,74,1.8,6.9,1100,1.8,2.6203578691,6773.4,Medium,51,F
929,High,86,1.8,11.4,1100,1.3,2.607685893,7075.8,High,63,
930,Low,64,2.1,2.9,1200,2,2.6441575492,6697.8,Medium,55,
931,Medium,60,2.1,3.9,1200,1.9,2.6357936963,6597,Low,71,F
932,High,87,1.5,2.4,1250,1.4,2.7149228612,7284.6,High,71,
933,Medium,77,2.1,8.9,1200,1.9,2.6866024096,7025.4,High,79,
934,High,51,2.1,12.9,1200,2,2.7360305344,6370.2,Medium,67,Y
935,Medium,91,2.1,2.4,1100,1.9,2.6258937644,7234.2,Medium,51,
936,Low,80,1.8,2.9,1000,2.1,2.5177481234,6780.6,Medium,39,
937,Medium,57,1.2,6.4,1200,1.6,2.5026480836,6424.2,Low,75,
938,High,62,1.2,8.9,1050,1.4,2.3267237687,6334.2,Low,55,
939,Low,55,1.8,12.9,1250,1.8,2.6582809493,6510.6,Low,51,K
940,Medium,78,1.5,6.4,1100,1.8,2.6197536296,6841.8,Medium,55,
941,High,80,1.8,10.9,1200,1.4,2.654535975,7068.6,Low,39,
942,High,94,2.1,6.9,1250,2,2.6837199125,7525.8,Medium,51,
943,High,64,1.2,6.9,1050,2.4,2.3684629981,6384.6,High,43,
944,Low,55,1.2,4.9,1250,1.3,2.6332564841,6445.8,Low,39,E
945,Low,60,1.5,7.4,1150,2,2.5969513168,6460.2,High,75,
946,Low,51,2.1,6.9,1050,2.1,2.5397508651,6154.2,Medium,71,
947,Medium,53,1.8,10.9,1000,2.3,2.925915493,6100.2,Low,63,
948,Medium,56,1.5,9.9,1000,2.4,2.580855033,6143.4,Medium,63,
949,Medium,74,1.8,7.4,1250,2.4,2.6694184628,6989.4,Medium,39,G
950,High,69,2.1,2.4,1200,1.3,2.6454865526,6823.8,Low,47,
951,High,84,1.5,3.9,1250,1.3,2.6752250321,7209,Low,71,
952,Medium,76,1.2,12.4,1150,1.8,2.6338437336,6831,Low,75,S
953,High,94,2.1,5.9,1250,1.8,2.7854588235,7525.8,High,63,
954,High,62,1.8,8.9,1000,1.8,3.0664033264,6327,Low,59,
955,Medium,66,1.5,3.9,1000,2,3.0121023766,6395.4,Medium,79,
956,High,76,2.1,12.4,1100,2.3,2.5813275109,6856.2,Medium,51,
957,Low,61,2.1,10.9,1250,2.4,2.6623710021,6694.2,Low,71,
958,Medium,76,1.8,4.4,1100,2.4,2.5142640364,6823.8,Low,47,
959,High,82,1.5,6.4,1200,2.1,2.657641883,7086.6,High,59,
960,Low,93,1.5,9.9,1250,2,2.9825433526,7435.8,Low,67,
961,Low,62,2.1,4.9,1200,1.7,2.556109589,6647.4,Low,55,
962,High,56,1.5,6.4,1250,1.5,2.6566558291,6503.4,Low,75,
963,Medium,85,2.1,9.9,1150,2,2.6411586902,7155,Medium,67,
964,Low,67,1.8,6.9,1050,1.8,2.2469637883,6525,Low,35,
965,Medium,69,1.5,5.9,1050,1.8,2.5658081133,6543,High,43,
966,Low,78,2.1,2.4,1150,2.1,2.6225190311,6978.6,High,43,
967,Low,60,2.1,8.9,1000,1.8,2.5686004619,6309,High,63,
968,Low,58,1.8,5.4,1150,2.2,2.8919113573,6442.2,High,79,
969,High,82,1.2,2.4,1250,1.6,2.6787402519,7126.2,High,39,
970,Medium,65,1.5,2.9,1000,2.4,2.4880317741,6370.2,Low,55,
971,High,84,1.8,5.9,1150,2.2,2.7144430218,7097.4,Medium,59,A
972,Low,74,1.2,3.4,1200,1.8,2.6480743851,6852.6,High,51,B
973,High,73,1.2,7.4,1250,2.2,2.6256117455,6899.4,Low,63,
974,High,88,1.8,10.4,1250,1.7,2.6915410274,7342.2,High,79,A
975,High,92,2.1,2.9,1000,2.2,2.5809766234,7115.4,Medium,75,
976,Medium,75,1.8,2.4,1000,1.6,2.2851356994,6654.6,Low,55,
977,Low,78,2.1,8.9,1150,2,3.0860869565,6978.6,Medium,35,B
978,High,85,1.5,5.9,1250,2,2.7197243492,7234.2,High,43,A
979,High,89,2.1,8.4,1200,2.4,2.72048,7327.8,Medium,75,A
980,Medium,82,1.2,4.9,1250,2.3,2.8094273128,7126.2,Low,55,
981,Medium,50,1.5,8.4,1100,2.4,2.0830042918,6136.2,Low,67,B
982,High,71,2.1,7.4,1100,1.5,2.4721100917,6730.2,Low,55,F
983,High,80,1.2,5.4,1050,1.8,2.5794275047,6787.8,Low,75,D
984,High,67,1.5,12.4,1200,1.7,2.64199563,6708.6,Medium,35,
985,Medium,92,1.5,4.4,1200,2.3,2.637704918,7338.6,Low,63,
986,Low,73,1.5,11.9,1000,1.5,2.3320450281,6571.8,High,35,
987,Medium,93,1.5,8.4,1250,1.6,2.6935027898,7435.8,High,67,
988,High,88,1.8,10.9,1150,2.1,2.6385456971,7198.2,Medium,35,S
989,Medium,70,1.2,11.4,1050,2.3,2.9835103926,6535.8,Medium,59,C
990,Medium,59,2.1,3.4,1000,2.4,2.5296230032,6283.8,Low,63,V
991,High,71,1.8,10.9,1250,2,2.7461924686,6913.8,High,47,V
992,High,57,1.8,12.9,1150,1.4,2.5854494903,6417,Medium,51,V
993,Low,52,2.1,9.4,1200,2,2.8736170213,6395.4,High,75,
994,High,94,1.5,6.4,1250,2.4,2.5491991786,7461,High,71,
995,Medium,63,1.5,11.9,1200,1.5,2.7240657084,6607.8,High,71,
996,Low,61,1.2,7.4,1150,2.2,2.5665054414,6453,Low,67,D
997,Medium,87,1.5,7.9,1250,1.6,2.698870256,7284.6,High,67,D
998,High,94,2.1,7.4,1150,1.8,2.6000470588,7381.8,Medium,43,
999,Medium,51,2.1,3.4,1150,1.9,2.7762155689,6298.2,Low,79,F
